{
    "board": {
        "ref-width": 932.1333333333333,
        "ref-height": 933.3333333333335
    },
    "screens": {
        "ref-width": 1080,
        "ref-height": 1920
    }
}
